year,Vranken
2017,455258.68312500004 to 2225709.1175000006
