digiconomist,year
8837827.842958158,2017
31550416.03904889,2018
32949929.57861097,2019
36214146.20879795,2020
69043873.42151947,2021
83052466.76976831,2022
56099227.57832197,2023
,2024
