year,De Vries
2018,11303848.966666667 to 33911546.900000006
