year,Bevand
2017,2073956.2231250003 to 2377462.0118750003
