year,coinmetrics
2018,17682449.455000002
2019,18052380.4152
2020,36104760.8304
2021,42874403.486099996
2022,45130951.037999995
2023,54157141.24559999
